Y_Haplo_GRP,RSID,CHR,hg192_POS,hg38_POS,Ancestral,Derived,Parent_Y_Haplo_GRP,Alt_Labels,Notes ( *** = Has known chidren)
R-BY19650,,Y,17274795,15162915,A,G,R-BY410,BY19650,
R-BY131735,,Y,21290652,19128766,A,G,R-BY110455,BY131735,
R-FTA20131,,Y,21187242,19025356,A,G,R-FTA17462,FTA20131,
R-FTA17462,,Y,7193380,7325339,G,A,R-BY110455,FTA17462,
R-BY110455,,Y,16831563,14719683,C,T,R-BY24708,BY110455,
R-BY24708,,Y,22911593,20749707,G,T,R-BY33456,BY24708,
R-BY33456,,Y,14369078,12248374,G,A,R-BY410,BY33456.1; BY33456,
R-BY410,rs992189335,Y,8320669,8452628,T,A,R-BY19647,BY410,
R-FT192221,,Y,6845220,6977179,T,A,R-V4098,FT192221,
R-FT281817,,Y,15059885,12947977,G,Y,R-V4098,FT281817,
R-V4098,rs541222607,Y,19414213,17302333,G,A,R-BY19647,V4098,
R-BY177985,rs996724158,Y,6780371,6912330,C,T,R-Z21893,BY177985.1; BY177985,
R-BY19647,rs1053035572,Y,19564451,17452571,C,T,R-Z21893,BY19647,
R-Z21893,,Y,23997294,21851147,C,T,R-BY279,Z21893.2,
R-BY76093,,Y,8818019,8949978,T,A,R-BY72007,BY76093,
R-BY72007,rs945619750,Y,8363147,8495106,A,T,R-BY106925,BY72007,
R-BY106925,rs992055744,Y,16326262,14214382,A,G,R-BY279,BY106925,
R-BY279,rs912085836,Y,6960552,7092511,T,C,R-Z2189,R1b1a1b1a1a2c1a4b2d; E1b1a1a1a2a1a3b1a12; BY279,
R-FT235917,rs769406265,Y,7037172,7169131,C,T,R-Z17259,FT235917,
R-BY129715,rs907700706,Y,19513980,17402100,A,G,R-BY81253,BY129715,
R-BY81253,rs1015522261,Y,9827354,9989745,G,A,R-Z29749,BY81253,
R-FT22072,,Y,15484955,13373075,C,T,R-Z29748,FT22072,
R-FT300239,,Y,7747224,7879183,T,C,R-FT301280,FT300239,
R-FT301280,,Y,15907283,13795403,A,G,R-PH4912,FT301280,
R-PH4912,rs772760778,Y,21728583,19566697,A,G,R-Z29748,PH4912,
R-Z29748,rs748782985,Y,24439813,22293666,T,C,R-Z29749,Z29748,
R-Z29749,,Y,6404562,6536521,G,T,R-Z17259,Z29749,
R-Z17259,rs756718526,Y,8102892,8234851,A,G,R-S933,Z17259.2,
R-Z29757,rs751236850,Y,28650732,26504585,C,A,R-Z2204,Z29757,
R-Z2204,rs751488860,Y,23096936,20935050,C,A,R-S933,Z2204; S945,
R-S933,rs778023338,Y,17529419,15417539,G,A,R-DF73,S933,
R-FT274264,,Y,16038353,13926473,A,G,R-DF73,FT274264,
R-FTA61163,,Y,18049454,15937574,T,C,R-DF73,FTA61163,
R-DF73,rs759593444,Y,7205902,7337861,C,A,R-Z2189,S923,
R-Z2189,rs544978520,Y,8548391,8680350,C,T,R-Z2195,R1b1a1b1a1a2c1a4b2d1; R1b1a1b1a1a2c1a4b2d2; V2227; Z2189,
R-FT409987,,Y,7088790,7220749,T,C,R-BY69181,FT409987,
R-BY69181,,Y,7979825,8111784,C,T,R-BY61036,BY69181,
R-FT167504,,Y,7755707,7887666,G,C,R-FT26577,FT167504,***
R-FT26442,,Y,23143034,20981148,G,C,R-FT26577,FT26442,
R-FT26577,,Y,23323743,21161857,G,A,R-V3286,FT26577,
R-V3286,rs566548222,Y,18572303,16460423,G,A,R-BY61036,Z29774,
R-BY61036,rs911484518,Y,6743767,6875726,C,T,R-Z2195,R1b1a1b2a2b1; BY61036,
R-Z2195,rs987415190,Y,18167186,16055306,G,C,R-ZZ5,R1b1a1b1a1a2c1a4b2d; S934,
R-BY40173,,Y,28463749,26317602,A,G,R-BY13124,BY40173,
R-FT37076,,Y,16286268,14174388,A,G,R-FT37076,FT37076,
R-BY13124,,Y,23591666,21429780,A,G,R-BY13111,BY13124,
R-BY13111,,Y,3876320,4008279,C,T,R-BY13089,BY13111,
R-FT71945,,Y,8665046,8797005,C,T,R-BY43275,FT71945.1; FT71945,
R-BY112408,,Y,17115450,15003570,A,G,R-BY136633,BY112408,
R-BY136633,,Y,21950781,19788895,A,G,R-Y100802,BY136633,
R-BY188721,,Y,24476151,22330004,G,T,R-BY188176,BY188721; Y160203,
R-BZ14,,Y,18644417,16532537,T,C,R-BY188176,BZ14.2,
R-BY188176,rs1010978826,Y,21435768,19273882,T,G,R-BY187114,BY188176,
R-BY187114,,Y,14553555,12441756,T,C,R-BY186234,BY187114; Y160277,
R-BY186234,,Y,4951265,5083224,T,C,R-Y96072,BY186234,
R-BY187422,,Y,16362106,14250226,T,A,R-Y96072,BY187422; Y160208,
R-Y96072,rs1012711807,Y,16359230,14247350,G,A,R-BY49931,Y96072,
R-FTD25355,,Y,7792818,7924777,G,C,R-BY49931,FTD25355,
R-BY49931,,Y,13355382,11199706,C,A,R-Y100802,BY49931,
R-FTC13113,,Y,16462625,14350745,A,T,R-Y100802,FTC13113,
R-Y100802,rs966443341,Y,17963360,15851480,G,A,R-BY43275,Y100802.1; Y100802,
R-BY43275,,Y,13848956,11728250,G,T,R-FT55474,G2a2b1b1b~; BY43275,
R-FT187500,,Y,16890112,14778232,A,G,FT185390,FT187500,
R-FT185390,,Y,7852023,7983982,G,A,R-FT55474,FT185390,
R-FT55474,,Y,4233118,4365077,A,G,R-BY13089,FT55474,
R-BY13089,rs1038549281,Y,8479985,8611944,C,A,R-BY4080,BY13089,
R-BY23894,,Y,15375516,13263636,A,C,R-BY13107,BY23894,
R-BY13107,,Y,21568551,19406665,G,T,R-BY4077,BY13107.1 BY13107 Y28854.1 Y28854,
R-BY4077,,Y,9141725,9304116,C,T,R-BY13095,Q1b1a2a2a3~; BY4077,
R-BY186469,,Y,7689054,7821013,T,C,R-BY13095,BY186469,
R-BY13095,,Y,16402805,14290925,G,A,R-L643,BY13095.1; BY13095; Y28579,
R-BY24186,rs943271800,Y,19068711,16956831,G,A,R-L643,BY24186.1; BY24186,
R-L643,rs1050918275,Y,21896078,19734192,C,T,R-BY4071,L643,
R-BY194106,,Y,14079116,11958410,T,G,R-BY4071,BY194106,
R-BY4071,rs913144464,Y,8482874,8614833,G,C,R-BY13097,R1b1a1b1a1a2c1a4b2b1a; BY4071.1; BY4071,
R-BY70195,,Y,8131331,8263290,A,T,R-BY13097,BY70195,
R-BY13097,rs908021787,Y,1636677,14254897,T,A,R-FT85283,BY13097; Y28853,
R-FT85283,,Y,28467820,26321673,C,T,R-BY4080,FT85283,
R-BY4080,,Y,15124405,13012492,T,del,R-A277,BY4080,
R-A277,,Y,9101775,9264166,A,G,R-A14,A277,
R-FT221759,,Y,8798254,8930213,G,C,R-A14,FT221759,
R-A14,rs1024870406,Y,7654538,7786497,C,T,R-BY10,A14,
R-BY35021,,Y,7835578,7967537,A,G,R-BY35036,BY35021,
R-BY66143,,Y,7595912,7727871,C,T,R-BY177824,BY66143,
R-BY177824,,Y,22438719,20276833,T,C,R-BY66878,BY177824,
R-FT345040,,Y,6735978,6867937,C,T,R-BY66878,FT345040,
R-BY66878,rs913284443,Y,7684794,7816753,C,A,R-BY35036,BY66878,
R-BY35036,rs374077230,Y,2829170,2961129,A,G,R-BY10,BY35036,
R-BY120132,,Y,18111253,15999373,G,G,R-BY35026,BY120132,
R-FT354742,,Y,4661549,4793508,G,A,R-BY35026,FT354742,
R-BY35026,,Y,18615217,16503337,G,A,R-BY35020,BY35026,
R-BY35020,,Y,6703068,6835027,G,A,R-BY35022,BY35020,
R-BY35022,,Y,13679503,11523827,G,A,R-FGC53829,BY35022,
R-FTA4709,,Y,9396301,9558692,A,G,R-FGC53859,FTA4709,
R-FGC53859,,Y,21838728,19676842,C,T,R-FGC53829,FGC53859,
R-FGC53829,,Y,3158319,3290278,A,G,R-FGC53828,FGC53829,
R-FGC53828,rs1376338069,Y,2829727,2961686,A,C,R-FTD31082,FGC53828,
R-FGC53861,,Y,22880781,20718895,C,T,R-FGC53827,FGC53861,
R-FTD31082,,Y,2669554,2801513,A,G,R-FGC53827,FTD31082,
R-FGC53827,,Y,2663177,2795136,C,T,R-BY10,FGC53827,
R-BY112620,,Y,17142840,15030960,A,T,R-Y45670,BY112620,
R-FTC52061,,Y,18956132,16844252,C,T,R-Y45670,FTC52061,
R-Y45670,,Y,7127192,7259151,G,A,R-FT93451,Y45670,
R-FT93451,,Y,24459390,22313243,C,T,R-BY10,FT93451,
R-BY10,,Y,6103210,6235169,A,T,R-A16,R1b1a1b1a1a2c1a4b2b1; BY10; A276,
R-Y152903,,Y,6957561,7089520,G,A,R-BY20018,Y152903,
R-BY20018,,Y,6883654,7015613,G,T,R-BY20023,BY20018,
R-BY56803,,Y,2845424,2977383,A,G,R-BY38570,BY56803,
R-BY38570,,Y,14904516,12792583,G,T,R-BY20023,BY38570,
R-BY20023,rs976569393,Y,7884088,8016047,G,A,R-BY20037,BY20023.1; BY20023,
R-BY67484,,Y,7767944,7899903,T,G,R-BY20037,BY67484,
R-BY20037,rs929085605,Y,18027093,15915213,T,C,R-A16,BY20037,
R-A16,rs759217391,Y,14049507,11928801,T,G,R-ZZ5,R1b1a1b1a1a2c1a4b2b,
R-FT242249,,Y,8438699,8570658,C,T,R-BY109515,FT242249,
R-BY109515,,Y,16697868,14585988,T,A,R-BY13692,BY109515,
R-BY92495,,Y,14036320,11915614,G,A,R-BY19674,BY92495,
R-BY19674,,Y,8299325,8431284,C,Y,R-BY13692,BY19674.1; BY19674; Z39433,
R-BY13692,,Y,15997643,13885763,T,C,R-BY13686,BY13692,
R-BY13686,,Y,6849204,6981163,G,A,R-BY13693,BY13686,
R-BY183060,,Y,15067528,12955619,C,T,R-BY183275,BY183060; Y159117,***
R-BY183275,,Y,17341076,15229196,T,C,R-BY182633,BY183275; Y159060,
R-BY182633  ,,Y,7305830,7437789,G,A,R-BY13693,BY182633; Y159081,
R-Y247080,,Y,17004781,14892901,T,C,R-Y134019,Y247080,
R-Y134019,rs915631465,Y,15138390,13026477,C,G,R-BY13693,Y134019,
R-BY38478,,Y,8109694,8241653,G,A,R-Y134022,BY38478,
R-Y134031,,Y,6846201,6978160,T,G,R-Y134034,Y134031,
R-Y279634,,Y,17108735,14996855,G,T,R-Y134034,Y279634,
R-Y134034,,Y,14072744,11952038,C,G,R-Y134022,Y134034,
R-Y134022,,Y,3346038,3477997,A,G,R-BY13693,Y134022,
R-BY13693,rs757540299,Y,16849364,14737484,G,T,R-BY25447,BY13693.1; BY13693,
R-BY25447,rs751642093,Y,2651841,2783800,T,G,R-ZZ5,BY25447,
R-FT102527,,Y,18237201,16125321,G,T,R-BY4070,FT102527,
R-BY4070,,Y,8450584,8582543,A,G,R-BY4064,BY4070,
R-BY56421,,Y,2793716,2925675,G,A,R-BY4064,BY56421,
R-BY4064,,Y,2733922,2865881,A,T,R-BY4087,BY4064,
R-Y57435,,Y,21961384,19799498,A,G,R-Y46415,Y57435,
R-Y46415,,Y,7788677,7920636,C,T,R-BY67200,Y46415,
R-BY67200,,Y,7734414,7866373,T,G,R-BY4087,BY67200,
R-BY167056,,Y,15363565,13251685,A,T,R-FGC8259,BY167056,
R-FGC8244,rs752448086,Y,17111749,14999869,C,T,R-FGC8264,FGC8244.1; FGC8244,
R-FGC8264,,Y,14253567,12132861,T,C,R-FGC8259,FGC8264,
R-FGC8259,,Y,8309797,8441756,T,A,R-BY4087,FGC8259,
R-BY4087,,Y,22297851,20135965,G,T,R-ZZ5,BY4087,
R-BY65646,,Y,7526184,7658143,T,A,R-ZZ5,BY65646,
R-BY44331,,Y,28812976,26666829,G,T,R-CTS9975,BY44331; A21962,***
R-A7037,,Y,17365540,15253660,A,Y,R-CTS9975,A7037; FGC49689,***
R-A7031,,Y,9381605,9543996,G,A,R-CTS9975,A7031,
R-CTS9975,,Y,19180465,17068585,A,T,R-ZZ5,CTS9975.1; Z2185; CTS9975; S893; V3869,
R-BY66976,,Y,7694252,7826211,A,G,R-ZZ5,BY66976,
R-FT271169,,Y,8313154,8445113,A,T,R-ZZ5,FT271169,
R-FT271241,,Y,15872911,13761031,T,G,R-ZZ5,FT271241,***
R-FTC15055,,Y,8195970,8327929,T,C,R-ZZ5,FTC15055,***
R-ZZ5.2,,Y,18468246,16356366,A,G,R-Z2534,ZZ5_2,
R-ZZ5,rs1433063178,Y,18340852,16228972,T,C,R-Z2534,R1b1a1b1a1a2c1a4b2c; ZZ5; ZZ5_1,
R-M8944.3,rs9785985,Y,2663708,2795667,A,T,R-Z2534,M8944.3; R-M8944,
R-FTA48576,,Y,8772449,8904408,T,G,R-BY23537,FTA48576,
R-BY23537,,Y,8029026,8160985,G,C,R-Z2534,BY23537,
R-BY25450,,Y,22280136,20118250,C,G,R-Z2534,BY25450,
R-FTC18800,,Y,7646075,7778034,G,C,R-FT372801,FTC18800,
R-FT371974,,Y,9885479,10047870,A,C,R-FT371767,FT371974,
R-FT371767,,Y,6916898,7048857,C,T,R-FT372801,FT371767,
R-FT372801,,Y,23631597,21469711,G,C,R-Z2534,FT372801,
R-Y134042,rs1040803098,Y,8083232,8215191,A,G,R-Z2534,Y134042,
DC70,,Y,2651665,2783624,T,C,R-L226,DC70,***
FGC5660,,Y,21837786,19675900,ins,T,R-L226,FGC5660,***
R-BY126401,,Y,19115687,17003807,T,C,R-BY56070,BY126401,
R-BY56070,,Y,2729490,2861449,G,T,R-FGC5618,BY56070,
R-L226,rs1364486564,Y,19048724,16936844,C,T,R-FGC5626,L226.1; L226; S168,
R-BY152765,,Y,7964254,8096213,C,T,R-FGC5626,BY152765,
R-FGC5626,rs756433771,Y,7289101,7421060,A,T,R-FGC5618,R1b1a1b1a1a2c1a4b2a; Y3128; FGC5626,
R-FGC5618,,Y,2813045,2945004,C,A,R-Z2534,R1b1a1b1a1a2c1a4b2a; Y3127; FGC5618,
R-BY214470,,Y,22256773,20094887,A,C,BY166974,BY214470,
R-FT383359,,Y,19508165,17396285,C,T,R-FT382878,FT383359,
R-FTD68572,,Y,14362565,12241860,T,del,R-FT382878,FTD68572,
R-FT382878,,Y,15618219,13506339,C,G,BY166974,FT382878,
R-BY166974,,Y,14929295,12817360,A,C,R-FGC41899,BY166974,
R-BY50659,,Y,23145061,20983175,G,C,R-FGC41892,BY50659,
R-FGC41890,,Y,8309593,8441552,G,A,R-FGC41892,FGC41890.1; FGC41890,
R-FGC41892,,Y,6708044,6840003,T,C,R-FGC41899,FGC41892,
R-FGC41899,,Y,9115634,9278025,C,G,R-FGC41891,FGC41899,
R-FGC41891,,Y,6696255,6828214,G,C,R-FGC48207,FGC41891,
R-FTC36393,,Y,7698948,7830907,T,G,R-FGC48207,FTC36393,
R-FGC48207,rs1168385864,Y,19184307,17072427,G,A,R-Z2534,FGC48207.1; FGC48207,
R-Z2534,rs771470152,Y,19033817,16921937,T,C,R-Z253,R1b1a1b1a1a2c1a4b2a; Z2534; S868,
R-A11001,,Y,21835370,19673484,G,C,R-Z253,A11001,
R-BY19652,,Y,4113362,4245321,A,G,R-Z253,BY19652,***
R-BY39773,,Y,8190129,8322088,C,G,R-Z253,BY39773,***
R-BY4086,rs1016694636,Y,22287561,20125675,C,T,R-Z253,BY4086,***
R-CTS111,rs771370111,Y,2736407,2868366,C,T,R-Z253,CTS111; S3530,***
R-FGC3268,rs1472810638,Y,28513202,26367055,T,A,R-Z253,FGC3268,##Suspect_Parentage##
R-FT40213,rs749047585,Y,6740615,6872574,C,G,R-Z253,FT40213,
R-FT57998,,Y,15753733,13641853,C,T,R-Z253,FT57998,***
R-FT97996,,Y,9811965,9974356,A,G,R-Z253,FT97996,***
R-FTC22880,,Y,7690958,7822917,T,C,R-Z253,FTC22880,***
R-PH3052.1,rs368945804,Y,17415839,15303959,G,A,R-Z253,PH3052.1; PH3052,***
R-S841,rs754033819,Y,2838619,2970578,T,G,R-Z253,S841; AMM337,***
R-S844,rs942821383,Y,6972701,7104660,C,T,R-Z253,S844; AMM340,##Suspect_Parentage## ***
R-Z253,rs768946531,Y,7193034,7324993,G,A,R-ZZ10,R1b1a1b1a1a2c1a4b2; R1b1a1b1a1a2c1a4b3~; R1b1a1b1a1a2c1a4b4; R1b1a1b1a1a2c1a6; S218,##Suspect_Naming##
R-Z16423,rs745392503,Y,21703877,19541991,C,A,R-ZZ10,Z16423; Y4858,***
R-BY4047,,Y,14312808,12192102,C,T,R-ZZ10,,
R-S19268,,Y,17134815,15022935,G,A,R-CTS3386,S19268,***
R-BY160557,,Y,7325874,7457833,T,G,R-CTS3386,BY160557,
R-CTS10334.1,rs765016599,Y,19405261,17293381,A,G,R-CTS3386,CTS10334.1; CTS10334; F4379,
R-A9001   ,,Y,14771054,12659123,T,C,R-FT14391,A9001,***
R-FT44417,,Y,23954314,21808167,C,G,R-FT14391,FT44417,***
R-Y67137,,Y,14723218,12611286,T,C,R-FT14391,Y67137,
R-A7297,rs1033138622,Y,21561725,19399839,G,T,R-Z17971,A7297,***
R-BY39760,,Y,14062323,11941617,G,T,R-Z17971,BY39760,***
R-Z17971,rs1047528261,Y,6906304,7038263,T,G,R-FT14391,Z17971,
R-FT14391,,Y,4031665,4163624,C,T,R-CTS3386,FT14391,
R-FT410929,,Y,18604886,16493006,T,C,R-FT410198,FT410929,
R-FT410198,,Y,8693291,8825250,T,G,R-FT155105,FT410198,
R-FT155105,,Y,22056703,19894817,T,C,R-CTS3386,FT155105,
R-CTS3386,rs768663364,Y,14885174,12773240,A,G,R-CTS10201,CTS3386; S3658,
R-BY38474,,Y,18589705,16477825,T,A,R-BY12512,BY38474,
R-Y59844,,Y,24459225,22313078,T,C,R-Y50038,Y59844,
R-Y50038,,Y,14901619,12789686,G,A,R-BY12512,Y50038,
R-BY12512,,Y,14287364,12166658,A,T,R-BY12521,BY12512,
R-FT220187,rs77610155,Y,5508198,5640157,G,A,R-BY12521,FT220187,
R-BY12521,,Y,19243730,17131850,G,T,R-CTS10201,BY12521,
R-PH4760,,Y,21313701,19151815,C,T,R-CTS10201,PH4760,
R-CTS10201,rs750656936,Y,19325002,17213122,G,A,R-ZZ10,CTS10201,
R-FGC42664,,Y,2909126,3041085,A,G,R-A5381,FGC42664,
R-A5381  ,,Y,6932306,7064265,G,C,R-BY248,A5381,
R-A5383,,Y,15071019,12959110,A,G,R-BY248,A5383,
R-A13939,,Y,8496849,8628808,G,A,R-A13941,A13939.1; A13939,
R-A13941,,Y,17447265,15335385,T,C,R-BY2723,A13941,
R-FTC19019,,Y,8264077,8396036,A,G,R-Y45689,FTC19019,
R-Y45689,,Y,7144387,7276346,G,A,R-BY2723,Y45689,
R-BY2723,,Y,7887032,8018991,C,T,R-BY248,BY2723.1; BY2723,
R-BY44152,,Y,22959860,20797974,C,A,R-BY248,BY44152,
R-BY248,,Y,8530226,8662185,A,T,R-BY249,BY248,
R-FT134647,,Y,21121113,18959227,A,T,R-BY249,FT134647,
R-FTC70819,,Y,8366445,8498404,T,A,R-BY249,FTC70819,
R-BY249 ,,Y,9123060,9285451,C,A,R-BY246,BY249,
R-FT360788,,Y,16851424,14739544,T,A,R-BY246,FT360788,
R-BY246,,Y,6837357,6969316,C,A,R-FT27336,BY246,
R-BY57004,,Y,2876843,3008802,T,G,R-FT4323,R-BY57004,
R-FT137301,,Y,7286919,7418878,G,T,R-FT5388,FT137301,
R-BY178256,,Y,8244978,8376937,T,A,R-A6138,BY178256,
R-BY50904,,Y,7725087,7857046,A,Y,R-A6138,BY50904.1; BY50904,***
R-BY62864 ,,Y,7018470,7150429,T,G,R-A6138,BY62864,***
R-BY92870,,Y,14083261,11962555,G,T,R-A6138,BY92870,***
R-FT25194,,Y,21245648,19083762,A,G,R-A6138,FT25194,***
R-M64.3,rs2032626,Y,21903383,19741497,A,G,R-A6138,M64.3,***
R-A6138,,Y,16960758,14848878,ATG,del,R-A7300,A6138.1; A6138,
R-A6607,,Y,8398002,8529961,T,C,R-FT32638,A6607,
R-FT32559,,Y,16568555,14456675,T,C,R-BY86810,FT32559,
R-BY96746 ,,Y,14602428,12490630,C,A,R-Y205757,BY96746,
R-FTC61694,,Y,18108247,15996367,C,T,R-Y205757,FTC61694,
R-Y205757,,Y,10023783,10186174,G,A,R-BY86810,Y205757.2,
R-BY86810,rs1351617006,Y,13639645,11483969,G,A,R-BY34406,BY86810,
R-BY34406,,Y,15106350,12994438,C,G,R-FT32638,BY34406.2,
R-FT32638,,Y,18097783,15985903,G,A,R-A7300,FT32638,
R-A7300,,Y,17516531,15404651,G,T,R-A7298,A7300,
R-BY162402 ,,Y,17653580,15541700,A,C,R-BY121571,BY162402,
R-BY97146,,Y,14699457,12587523,C,G,R-BY121571,BY97146,
R-BY121571,,Y,18388506,16276626,T,A,R-A7298,BY121571,
R-BY120210,,Y,18117436,16005556,G,T,BY31279,BY120210,
R-BY35679,,Y,22475912,20314026,G,A,BY31279,BY35679,
BY31279,,Y,18943387,16831507,A,T,R-BY35676,BY31279; Y131108,
R-BY35676,,Y,21656758,19494872,C,A,R-A7298,BY35676,
R-A7298,,Y,7421536,7553495,T,G,R-FT27339,A7298,
R-FTA10861,,Y,14706246,12594312,G,T,R-FT27339,FTA10861,
R-FT27339,,Y,10075883,10238274,C,T,R-FT5737,FT27339,
R-FT5737,FT5737,Y,17621792,15509912,T,C,R-Z19670,FT5737,
R-Z19670,,Y,24482209,22336062,G,A,R-Y16762,Z19670,
R-Y16762,rs995429372,Y,18763116,16651236,C,T,R-FT5388,Y16762,
R-FT5388,rs1040718671,Y,15431994,13320114,A,T,R-FT4323,FT5388,
R-FT4323,,Y,5541699,5673658,G,A,R-FT27336,FT4323,
R-FT27336,,Y,9939502,10101893,C,A,R-MC14,FT27336,
R-MC14,rs922615507,Y,21724919,19563033,A,G,R-FGC42672,MC14,
R-FGC42672,,Y,5440013,5571972,G,C,R-ZZ10,FGC42672,
R-FTA28558,,Y,17283303,15171423,T,A,R-FTA29281,FTA28558,
R-FTA29281,,Y,21826581,9664695,C,A,R-FTA27590,FTA29281,
R-FTA27590,,Y,8348799,8480758,G,C,R-FT60000,FTA27590,
R-FT60000,,Y,8298558,843051,G,A,R-ZZ10,FT60000,
R-ZZ10_2,,Y,20388112,18226226,G,C,R-DF13,Z110_2,
R-ZZ10,rs1161022336,Y,19791668,17679788,C,G,R-DF13,R1b1a1b1a1a2c1a4e~; ZZ10^^; ZZ10_1; ZZ10,
R-FGC43861,,Y,5760177,5892136,C,T,R-Z39589,FGC43861,***
R-BY19419,,Y,3160286,3292245,A,G,R-BY19425,BY19419,***
R-BY19425,,Y,16551518,14439638,G,Y,R-Z39589,BY19425,
R-Z39589,,Y,4439912,4571907,GCAGCTTCACTCCTGAGG,del,R-DF13,Z39589.1; Z39589 Z39589_2,***
R-L513,,Y,7340450,7472409,C,T,R-DF13,DF1; S215,##Suspect_Parentage##
R-FGC11134,,Y,21383466,19221580,T,A,R-DF13,Y3550,##Suspect_Parentage##
R-Y15984,,Y,7270594,7402553,G,A,R-S7172,Y15984.1; Y15984; Y15984.2,
R-FTD88637,,Y,15401992,13290112,T,C,R-S7172,FTD88637,
R-BY160432,,Y,8122236,8254195,A,C,R-S7172,BY160432,
R-S7172,,Y,23635091,21473205,T,C,R-S7174,S7172,
R-S7174,,Y,8463972,8595931,C,G,R-ZZ1,S7174,
R-Y11789,rs760174469,Y,7087450,7219409,C,A,R-S5459,R-S5470; Y11789.1; Y11789; S5470.1; S5470; FGC11927,Coincident with S5456 - not vissible in tree
R-BY24711,rs915499482,Y,22947162,20785276,C,G,R-S5456,BY24711,***
R-FT221262,,Y,5246365,5378324,G,A,R-BY24194,FT221262,***
R-BY24194,,Y,19094930,16983050,T,C,R-BY3300,BY24194,
R-BY3300,,Y,7072835,7204794,C,T,R-S5456,BY3300,
R-Z2955,,Y,18904419,16792539,A,C,R-S5456,Z29558; Y12521,
R-S5456,rs964618695,Y,2708920,2840879,T,C,R-S5459,S5456,
R-S5459,rs774475739,Y,21228687,19066801,A,G,R-ZZ1,S5459,
R-S3058,rs921462652,Y,15683936,13572056,T,C,R-ZZ1,S3058; FGC3188,***
R-ZZ1,,Y,24899333,22753186,C,T,R-FGC3213,ZZ1 ZZ1_1,
R-ZZ1_2,,Y,27429338,25283191,G,A,R-FGC3213,ZZ1_2,
R-BY56929,,Y,2869121,3001080,A,G,R-BY43863,BY56929,***
R-BY43863,,Y,22445975,20284089,A,T,R-FGC3213,BY43863,
R-FT258227,,Y,2742405,2874364,A,G,R-BY99030,FT258227,***
R-BY99030,,Y,15005455,12893540,C,T,R-FGC3213,BY99030,
R-Z16532,,Y,17833609,15721729,A,T,R-FGC3213,R-Z16532,***
R-FGC3213,,Y,26722140,24575993,A,C,R-DF21,FGC3213,##Suspect_Parentage##
R-BY518,,Y,24109682,21963535,T,C,R-S5488,BY518,***
R-Z16294,rs962837871,Y,21649408,19487522,G,A,R-S5488,Z16294,***
R-A6487,,Y,7147451,7279410,A,T,R-S5488,A6487,***
R-BY12129,,Y,7213634,7345593,A,G,R-S5488,BY12129,***
R-BY64262,,Y,7267096,7399055,G,A,R-S27573,BY64262,***
R-S27573,rs3097047,Y,7109122,7241081,C,T,R-FGC11358,S27573,
R-Z17568,,Y,18396048,16284168,G,del,R-FGC11358,Z17568; FGC11364,***
R-FGC11358,,Y,22464264,20302378,G,T,R-S5488,FGC11358,
R-FGC33056,rs1017250993,Y,19430004,17318124,A,G,R-S5488,FGC33056; BY11117,
R-FT161732,,Y,23494881,21332995,G,A,R-FT159000,FT161732,
R-FT159000,,Y,4776513,4908472,C,T,R-BY108211,FT159000,
R-BY108211,,Y,16496166,14384286,C,T,R-FT35590,BY108211,
R-FT35590,,Y,2663375,2795334,C,T,R-S5488,FT35590,
R-S5488,rs928913967,Y,19088630,16976750,C,T,R-DF21,S5488; Y11277,##Suspect_Parentage##
R-BY13823,,Y,14192319,12071613,G,T,R-DF21,BY13823,
R-BY178021,,Y,6987099,7119058,T,A,R-DF21,BY178021,
R-S5201,,Y,8381834,8513793,C,G,R-DF21,FGC3903; Y2890,##Suspect_Parentage##
R-Z16267,rs887236815,Y,13682882,11527206,G,A,R-DF21,Z16267,##Suspect_Parentage## ***
R-Z30233,rs1373054482,Y,13370806,11215130,G,A,R-DF21,Z30233,***
R-DF21,rs138322855,Y,9878915,10041306,C,T,R-DF13,R1b1a1b1a1a2c1a5a; R1b1a1b1a1a2c1a5b1; R1b1a1b1a1a2c1a5c; R1b1a1b1a1a2c1a5d; S192,##Suspect_Naming##
R-FGC5494,rs1230924360,Y,3445114,3577073,A,G,R-DF13,FGC5494,***
R-BY145002,,Y,23391816,21229930,T,C,R-DF13,BY145002,***
R-BY174832,rs930287115,Y,6996149,7128108,C,T,R-FGC43861,BY174832,***
R-BY192942,,Y,2808916,2940875,C,A,R-DF13,BY192942,
R-BY197676,,Y,21298992,19137106,C,T,R-FTT9,BY197676,***
R-BY60223,,Y,6426246,6558205,G,C,R-FTT9,BY60223,***
R-FTT9,,Y,,,,,R-DF13,FTT9,
R-BY23434,,Y,6362231,6494190,T,G,R-DF13,BY23434,***
R-BY39007,,Y,9516037,9678428,T,C,R-BY39001,BY39007,
R-BY39001,,Y,2750581,2882540,G,A,R-DF13,BY39001,
R-DF13,rs373989227,Y,2836431,2968390,A,C,R-S552,R1b1a1b1a1a2c1a2; R1b1a1b1a1a2c1a3; R1b1a1b1a1a2c1a4; R1b1a1b1a1a2c1a6; N1a1a1a1a1a1a2a1~; CTS241; S521; DF13,##Suspect_Naming##
R-BY11894,,Y,7618071,7750030,T,G,R-S552,,
R-BY24776,rs1041570315,Y,23608405,21446519,T,C,R-S552,BY24776,***
R-BY2994,rs921172787,Y,16626243,14514363,C,T,R-S552,BY2994,***
R-DF63,,Y,2883986,3015945,T,C,R-S552,CTS300; S522,
R-F4006,rs964250412,Y,21251092,19089206,T,C,R-S552,F4006.2,
R-FT21374,,Y,14451523,12330796,G,C,R-S552,FT21374,
R-S552,rs150868296,Y,4619767,4751726,C,A,R-L21,R1b1a1b1a1a2c1d; R1b1a1b1a1a2c1b; S552; FGC3218; Y2598,
R-A5845,rs1006756377,Y,16713731,14601851,G,A,R-A5846,A5845,***
R-FTB54744,,Y,4454633,4586592,A,C,R-BY11863,FTB54744,***
R-BY11863,rs899472865,Y,8542803,8674762,G,A,R-A5846,BY11863,
R-Y16251,rs936531015,Y,21514753,19352867,T,A,R-A5846,Y16251,***
R-A5846,rs954316260,Y,17039527,14927647,G,A,R-L21,R1b1a1b1a1a2c1c1,
R-L21,rs11799226,Y,15654428,13542548,C,G,R-Z290,R1b1a1b1a1a2c1c; M529; S145; L21,
R-BY22769,,Y,15501820,13389940,G,A,R-BY22760,BY22769,***
R-BY33056,,Y,18399604,16287724,T,C,R-BY22760,BY33056; Y101898,***
R-FT49779,,Y,8124437,8256396,G,T,R-BY22760,FT49779,
R-FT75905,,Y,8585706,8717665,G,A,R-BY22760,FT75905,
R-BY22760,,Y,7534097,7666056,C,Y,R-Z290,BY22760,
R-Z290,rs146019383,Y,28632468,26486321,G,C,R-P312,R1b1a1b1a1a2c1; S461; Z290,
R-DF19,rs753249165,Y,14301499,12180793,G,T,R-P312,S232,
R-A9063,,Y,9464776,9627167,A,T,R-P312,A9063,***
R-BY25512,rs893500446,Y,8473520,8605479,G,A,R-P312,BY25512; Y47377,***
R-FTA84066,,Y,21267165,19105279,C,G,R-P312,FTA84066,
R-L238,rs35199432,Y,21253443,19091557,A,G,R-P312,L238,***
R-PH2278,rs761731851,Y,16441979,14330099,A,G,R-P312,PH2278,***
R-Y18211,rs904288683,Y,7057069,7189028,T,G,R-P312,Y18211,***
R-Z29913,,Y,14837749,12725816,A,G,R-P312,Z29913,
R-Z29970,,Y,17306091,15194211,G,C,R-P312,Z29970,
R-Z46516,,Y,,,C,T,R-P312,Z46516,***
R-FT91873,rs937142816,Y,,10850904,C,G,R-FGC37100,FT91873,***
R-FGC37083,rs80018729,Y,6764156,6896115,T,C,R-FGC37100,FGC37083,***
R-FGC37100,rs34104961,Y,17340220,15228340,C,G,R-A8053,FGC37100,
R-BY148526,,Y,23863547,21701661,G,A,R-A8053,BY148526,
R-A8053,,Y,22849550,20687664,G,T,R-L151,A8053,
R-S1194,rs761780609,Y,14668524,12556590,A,G,R-L151,S1194; S6870; AM01876; B310,***
R-P312,rs34276300,Y,22157311,19995425,C,A,R-L151,R1b1a1b1a1a2c; R1b1a1b1a1a2e; S116; P312; PF6547; MF52579,
R-U106,rs16981293,Y,8796078,8928037,C,T,R-L151,M405; S21,
R-Y215377,rs1259192814,Y,22755622,20593736,G,A,R-PF6538,Y215377,
R-L151,rs2082033,Y,16492547,14380667,C,T,R-PF6538,PF6542; R1b1a1b1a1a2; R1b1a1b1a1a1,
R-PF6538,rs55975037,Y,17697807,15585927,T,C,R-P310,R1b1a1b1a1a,
R-FTB60015,,Y,14225034,12104328,T,G,R-BY44535,FTB60015,
R-FTD264,,Y,22440365,20278479,C,G,R-BY44535,FTD264,
R-BY44535,,Y,14248434,12127728,C,T,R-FT123498,BY44535; Y144905,
R-FT123498,,Y,5164365,5296324,T,G,R-P310,FT123498,
R-FT188849,,Y,21552390,19390504,A,G,R-FT186340,FT188849,
R-FT186340,,Y,14139517,12018811,A,G,R-P310,FT186340,
R-FT377377,,Y,22969170,20807284,A,G,R-P310,FT377377,
R-P310,rs9786283,Y,18907236,16795356,A,C,R-L51,PF6546; S129; P310,
R-BY11990,,Y,8173192,8305151,C,T,R-PF7589,BY11990,***
R-BY39441,,Y,9007409,9169800,G,A,R-PF7589,BY39441,***
R-F15462,,Y,6930969,7062928,C,G,R-PF7589,F15462.2,
R-Z2116,rs776883720,Y,19427258,17315378,A,G,R-PF7589,Z2116; CTS10379,***
R-Z4416,rs780438079,Y,7288515,7420474,C,T,R-PF7589,Z4416.3; Z21084.3,
R-PF7589,rs780803451,Y,8067783,8199742,A,G,R-L51,PF7589; Z2118,
R-L51,rs9786140,Y,8502236,8634195,G,A,R-L23,M412; PF6536; S167,
R-FT130482,,Y,8536238,8668197,A,G,R-Z2103,FT130482,***
R-FTA29814,,Y,7744290,7876249,G,T,R-M12149,FTA29814; Y240285,
R-PF331.2,,Y,9171834,9334225,A,C,R-M12149,PF331.2,***
R-Y13369,rs893752464,Y,22656448,20494562,C,T,R-M12149,Y13369; FGC14589,***
R-Y4362,rs563325838,Y,16193434,14081554,A,T,R-M12149,Y4362; A367; M12155,***
R-Z2106,rs775505119,Y,14213646,12092940,G,A,R-M12149,Z2106; B5,***
R-M12149,,Y,14629851,12517920,G,A,R-Z2103,Y4371; Z8128,
R-Z2103,rs567703217,Y,7186135,7318094,G,C,R-L23,R1b1a1b1b; CTS1078,
R-L23,rs9785971,Y,6753511,6885470,G,A,R-M269,R1b1a1b1a; PF6534; S141; L23,
R-Y31335,,Y,28741922,26595775,C,G,R-PF7563,Y31335,***
R-Z29764,rs1010888771,Y,19369222,17257342,A,T,R-PF7563,Z29764; GG719,***
R-BY17663,,Y,8607811,8739770,A,G,R-PF7563,BY17663,***
R-BY74609,rs997247175,Y,8616776,8748735,G,A,R-PF7563,BY74609,***
R-FT89035,,Y,7192315,7324274,C,G,R-PF7563,FT89035,***
R-FTA49944,,Y,14368351,12247647,G,T,R-PF7563,FTA49944,
R-Y83608,,Y,7212423,7344382,G,T,R-PF7563,Y83608,***
R-Y83965,,Y,7350989,7482948,C,T,R-PF7563,Y83965.1; Y83965,***
R-Y95829,rs986630415,Y,16277310,14165430,C,T,R-PF7563,Y95829,
R-PF7563,rs543105917,Y,8610246,8742205,G,A,R-PF7562,GG480; V2347; PF7563,
R-FGC31921,,Y,6766620,6898579,G,T,R-FGC31923,FGC31921,***
R-FGC73148,,Y,6799796,6931755,T,C,R-FGC31923,FGC73148,***
R-FGC31923,,Y,7189634,7321593,C,T,R-PF7562,FGC31923,##Suspect_Parentage## ***
R-FGC31929,,Y,8415223,8547182,T,C,R-PF7562,FGC31929,##Suspect_Parentage##
R-Y90546,,Y,14186427,12065721,C,T,R-Y36978,Y90546,
R-Y36978,,Y,14138771,12018065,C,A,R-PF7562,Y36978,
R-Y81357,,Y,2749268,2881227,A,T,R-Y85942,Y81357,
R-Y85942,,Y,8147878,8279837,C,T,R-Y36992,Y85942,
R-Y36992,,Y,8274782,8406741,T,C,R-PF7562,Y36992,
R-PF7562,rs1027591822,Y,7952440,8084399,C,T,R-M269,PF7562 ; GG439,
R-M269,rs9786153,Y,22739367,20577481,T,C,R-P297,R1b1a1a2; R1b1a1b1; R1b1a1b2a; R1b1a1b2b; PF6517; MF53029,##Suspect_Naming##
R-Y13202,rs975837719,Y,14205142,12084436,G,C,R-M73,Y13202,***
R-FTA35755,,Y,7520987,7652946,G,T,R-M73,FTA35755; Y127514,***
R-M73,,Y,21888874,19726988,GT,del,R-P297,R1b1a1a; M73,##Suspect_Parentage##
R-P297,rs9785702,Y,18656508,16544628,G,C,R-L389,R1b1a1a; R1b1a1b; PF6398,##Suspect_Naming##
R-L389,rs1358368,Y,28733101,26586954,C,G,R-L754,R1b1a1; PF6531,
R-M417,rs17316771,Y,8533735,8665694,G,A,R-M198,,
R-M198,rs2020857,Y,15030752,12918840,C,T,R-CTS8636,R1a1a1; PF6238,
R-YP1306,rs974386287,Y,21593629,19431743,T,C,R-CTS8636,,
R-CTS8636,rs552140509,Y,18121269,16009389,G,A,R-M459,R1a1a; R1a1b~; CTS8636; M735,
R-YP1301,rs994728357,Y,18807196,16695316,T,C,R-M459,,
R-M459,rs17316227,Y,6906074,7038033,A,G,R-M420,R1a1b~; PF6235,
R-YP4141,rs900664007,Y,7272798,7404757,C,T,R-M420,Z35499.1; Z35499.2; YP4141.1; YP4141.2,
R-M420,rs17250535,Y,23473201,21311315,T,A,R-M173,R1a1; R1a2~; L146,
R-L754,rs7893073,Y,22889018,20727132,G,A,R-M343,R1b; PF6269; YSC0000022; L754,
R-M343,rs9786184,Y,2887824,3019783,C,A,R-M173,R1b1; PF6242,
R-M173,rs2032624,Y,15026424,12914512,A,C,R-Y482,R1a; R1b; P241; Page29,
R-P267,rs368057017,Y,18028669,15916789,C,G,R-M124,PF6109,
R-M124,rs372706460,Y,21764501,19602615,G,A,R-M479,R2a2,
R-FGC50368,,Y,23490112,21328226,A,C,R-M479,FGC50368,
R-SK2164,,Y,15033019,12921107,C,G,R-FGC50231,SK2164,***
R-FGC50231,,Y,7089771,7221730,G,C,R-M479,FGC50231,
R-M479,rs372157627,Y,20834667,18672781,C,T,R-Y482,R2; PF6107; Harappan,
R-Y482,rs9786821,Y,18017528,15905648,G,T,R-M207,Y482; F459; FGC197; SK2005; V7034; PF6056,
R-M207,rs2032658,Y,15581983,13470103,A,G,P-P226,R; Page37; UTY2,
Q-L330,rs867799140,Y,17766807,15654927,T,C,Q-L54,,
Q-L54,rs34954951,Y,23292782,21130896,G,A,Q-L53,Q1b1a3,
Q-L53,rs34724285,Y,21642296,19480410,G,A,Q-L56,Q1b1a; S326,
Q-L56,rs34703625,Y,8148869,8280828,G,A,Q-L472,Q1b1; S324,
Q-L472,rs35724598,Y,7014317,7146276,G,C,Q-M242,Q1; Q1b; F903; L472,***
Q-L275,rs777076210,Y,19136888,17025008,G,A,Q-M242,Q2; Q3; L275,***
Q-M242,rs8179021,Y,15018582,12906671,C,T,P-P226,Q; Q1; Q2; K2b2a1,##Suspect_Naming##
P-P226,rs17250992,Y,8845380,8977339,C,T,P-P284,Q; PF5879,
P-FT344715,,Y,21310878,19148992,C,G,P-P284,FT344715,
P-P284,rs4116821,Y,22072340,19910454,C,G,P-P337,P1~; K2b2a~,
P-FT344716,,Y,14236237,12115531,A,G,P-P337,FT344716,
P-P337,rs13305774,Y,14898094,12786160,A,G,P-M1254,P1~; K2b2a~; F1857; Page83; PF5901; P337,
P-F20149,rs374179651,Y,15782517,13670637,A,G,P-M1254,F20149,***
P-FT292000,rs900098102,Y,21560500,19398614,G,T,P-M1254,FT292000,***
P-Y453240,,Y,18132028,16020148,T,A,P-M1254,Y453240,
P-M1254,rs66540167,Y,21121986,18960100,A,T,P-P295,P1~; K2b2a~; PF6062,
P-P295,rs895530,Y,7963031,8094990,T,G,P-PF5850,P1; K2b2a; PF5866; S8; P295,
P-FTC1,,Y,2867037,2998996,C,T,P-PF5850,FTC1; A22984,***
P-PF5850,rs74550416,Y,4721971,4853930,T,A,K-M1221,P; K2b2,
K-P399,rs866700638,Y,13563083,11407407,C,T,K-M1221,,
K-M1221,rs9785994,Y,16222561,14110681,C,T,K-M526,K2b1; P331; PF5911,
K-M526,rs2033003,Y,23550924,21389038,A,C,K-M9,NO; K2a; K2b; K2c; K2d; PF5979,##Suspect_Naming##
L-M22,rs3913,Y,14790163,12678234,A,G,L-M20,M22,***
L-L595,rs866516420,Y,21739651,19577765,C,T,L-M20,L595,***
L-M20,rs3911,Y,21733454,19571568,A,G,LT-L298,M20; PF5570,***
T-M184,rs20320,Y,14898163,12786229,G,A,LT-L298,M184; Page34; PAGES00034; USP9Y+3178,***
LT-L298,,Y,8467290,8599249,T,C,K-M9,P326,
K-M9,rs3900,Y,21730257,19568371,C,G,IJK-M523,LT ; K1; K; K2; PF5506,
I-Z2893,rs772225735,Y,22544398,20382512,G,A,I-DF29,Z2893,***
I-PH790,rs762131183,Y,14003437,11882731,T,C,I-DF29,PH790,***
I-PH525,rs750549112,Y,7207509,7339468,C,T,I-DF29,PH525,***
I-BY183623,rs949211761,Y,22071882,19909996,G,A,I-DF29,BY183623; A23547,
I-BY169148,rs1479984042,Y,6846231,6978190,A,C,I-DF29,BY169148,***
I-BY13858,rs1327755719,Y,22423357,20261471,T,A,I-DF29,BY13858,***
I-FGC15560,,Y,23328964,21167078,G,A,I-DF29,FGC15560,
I-A5716,rs956070627,Y,2863817,2995776,A,C,I-DF29,A5716,***
I-DF29,rs755912631,Y,3626279,3758238,A,G,I-M253,DF29^^; S438^^,
I-CTS12768,rs545693955,Y,28698519,26552372,C,T,I-M253,CTS12768.2,
I-Z17954,rs1158622084,Y,3894582,4026541,G,A,I-M253,Z17954,***
I-FT2037,,Y,17787182,15675302,A,G,I-M253,FT2037,
I-M253,rs9341296,Y,15022707,12910796,C,T,I-L840,I1; I1a; M253,
I-L840,rs17250114,Y,20834703,18672817,C,G,I-Z2699,L840,
I-Z2699,rs112938890,Y,6681979,6813938,A,C,I-M170,I1; FGC2430; Z2699,##Suspect_Parentage##
I-BY71206,,Y,8257127,8389086,C,G,I-FT211042,BY71206,***
I-FT211042,,Y,28739385,26593238,T,G,I-FT210662,FT211042,
I-FTA25194,,Y,23026095,20864209,C,A,I-FTA23560,FTA25194.2,
I-FTA23560,,Y,14872677,12760747,C,A,I-FT210662,FTA23560,
I-FT210662,rs1057030572,Y,22058446,19896560,C,T,I-A427,FT210662,
I-FGC70611,,Y,23889086,21727200,T,C,I-Y41633,FGC70611,
I-Y279802,,Y,18404538,16292658,A,C,I-Y41633,,
I-Y41633,rs966924266,Y,16740290,14628410,T,A,I-S17511,Y41633,
I-FTB95741,,Y,7634381,7766340,G,A,I-S17511,FTB95741,***
I-BY37214,rs966924266,Y,16740290,14628410,T,C,I-S17511,BY37214; Y136556,***
I-S17511,rs891429115,Y,15738398,13626518,C,A,I-A427,,
I-FTC2104,,Y,2748110,2880069,A,T,I-A427,FTC2104; Y319638,
I-S23897,rs1030990762,Y,22031371,19869485,C,T,I-A427,S23897,***
I-A427,rs866520895,Y,23281929,21120043,G,T,I-S25733,Y4889; A427,
I-PH2670,rs775582799,Y,16918827,14806947,C,T,I-S25733,PH2670,***
I-S25733,rs997632109,Y,23595728,21433842,C,T,I-S9302,I2a1b1a2a1a1; S25733,
I-BY173072,,Y,15011123,12899208,A,C,I-S9302,BY173072,***
I-Y7219,,Y,8447173,8579132,C,A,I-S9302,Y7219,***
I-S9302,rs760224811,Y,6661260,6793219,T,C,I-P78,S9302,
I-P78,rs773406590,Y,6740387,6872346,G,A,I-S12991,I2a1b1a2a1a; P78.1; P78,
I-S12991,rs1176727109,Y,10025710,10188101,C,A,I-L702,I2a1b1a2a1; S12991,
I-S22311,rs893229525,Y,19456075,17344195,A,G,I-L702,S22311,***
I-L702,rs866414185,Y,7629205,7761164,C,T,I-CTS10057,L702,
I-Z161,rs776391000,Y,2696497,2828456,C,G,I-CTS10057,Z161,***
I-Z189,rs1177893515,Y,22278483,20116597,T,A,I-CTS10057,Z189; S330; S5902,***
I-CTS10057,rs776515850,Y,19232160,17120280,C,T,I-CTS616,I2a1b1a2a; CTS10057.1; CTS10057,***
I-CTS616,rs751166844,Y,6906332,7038291,G,C,I-Y3259,I2a1b1a2; CTS616,
I-S9403,rs1007485601,Y,6742730,6874689,T,C,I-Y3259,S9403; SK1254,***
I-Y3259,rs758826454,Y,7681034,7812993,G,A,I-M223,I2a1b1a; Y3259,
I-FT355006,,Y,18116169,16004289,C,A,I-M223,FT355006,***
I-Y344254,,Y,14480885,12360154,G,A,I-Y344262,Y344254,
I-Y344262,,Y,24485322,22339175,G,T,I-Y344225,Y344262,***
I-Y344225,,Y,13202897,11047221,G,A,I-M223,Y344225,
I-M223,rs367573274,Y,21717307,19555421,G,A,I-M436,I2a1b1~,
I-Y10720,rs753692486,Y,21594118,19432232,G,T,I-S2555,Y10720; FGC29597,***
I-S2555,rs889887039,Y,16715106,14603226,T,A,I-M436,S2555,
I-M436,rs17315680,Y,18747493,16635613,G,C,I-L460,I2a1b1; P214; PF3856; S33; M436,
I-P37,rs199865681,Y,14491684,12379881,T,C,I-L460,P37.2; PF4004; I-P37,***
I-L460,rs7892855,Y,7879415,8011374,A,C,I-CTS2257,I2a1b; PF3647; S238,
I-L596,rs751715583,Y,14197631,12076925,G,A,I-CTS2257,L596.1; L596; PF6907.1; PF6907; S292,***
I-CTS2257,rs753852546,Y,14238700,12117994,G,T,I-P215,I2a1; PF3704; Z2647; CTS2257,
I-FTC48249,,Y,21654370,19492484,C,T,I-BY32198,FTC48249,
I-L417,rs867108134,Y,8426321,8558280,T,C,I-BY32198,L417; S332,***
I-BY32198,,Y,16956545,14844665,G,T,I-P215,BY32198,
I-P215,rs17307294,Y,16638804,14526924,A,G,I-M170,I2; I2a; P215; I-M438; M438; PF3853; S31,
I-M170,rs2032597,Y,14847792,12735858,A,C,I-L758,I1; I2; PF3715; M170,
I-L758,rs17316778,Y,8536868,8668827,C,G,IJ-M429,I; PF3663; V2199; YSC0000285,
IJ-M429,rs17306671,Y,14031334,11910628,T,A,IJK-M523,IJ; M429; P125; PF3535,***
K-M2308,,Y,7690182,7822141,A,T,K-M526,V1371; Z4842,
K-P261,,Y,13992279,11871573,G,A,K-M526,,##Suspect_Parentage##
K-P402,rs866806033,Y,19279781,17167901,T,C,K-M526,,
K-M147,,Y,21762081,19600195,T,Y,K-M526,M147.1; M147,
IJK-M523,rs9786139,Y,6753519,6885478,A,G,HIJK-M578,IJ; K; L15; PF3492; S137,
H-Z13965,rs556591187,Y,24523481,22377334,C,G,H-L901,Z13965; FGC23602,
H-P96,rs1027017284,Y,14869743,12757813,C,A,H-L901,P96,***
H-L902,rs549888349,Y,23009978,20848092,C,T,H-M2826,L902; M3061,***
H-Z5857,rs569006329,Y,2759285,2891244,C,G,H-M2826,Z5857,***
H-M2826,rs545513401,Y,15006597,12894682,G,A,H-L901,H~: M2826; Z4221,***
H-L901,rs567848586,Y,17844304,15732424,C,T,HIJK-M578,L901; M2939,
HIJK-M578,rs73614810,Y,7202703,7334662,C,T,GHIJK-F1329,HIJ; H; H~; M578; PF3494; S6378,##Suspect_Naming##
G-L830,rs868102357,Y,6863908,6995867,T,C,G-M285,L830,***
G-CTS11562,rs927655971,Y,23161910,21000024,G,A,G-M285,CTS11562,***
G-M285,rs13447378,Y,22741740,20579854,G,C,G-M201,,##Suspect_Parentage##
G-FTB166,,Y,7813163,7945122,T,A,G-L89.1,FTB166,
G-FTB92,,Y,2819571,2951530,A,C,G-L89.1,,
G-L156,rs35190095,Y,17174741,15062861,A,T,G-L89.1,PF3002,
G-L89.1,rs35160044,Y,7978725,8110684,C,T,G-M201,M3475; PF3138; L89; L89.1; V1548,
L58,,Y,6670461,6802420,T,G,G,,##Suspect_Parentage##
G-M201,rs2032636,Y,15027529,12915617,G,T,GHIJK-F1329,G1; G2; J1a2a1a2d2b2b2c4d2a2a4a1~; PF2957,##Suspect_Naming##
GHIJK-F1329,rs9786482,Y,8589031,8720990,C,T,CF-P143,G; GHIJK; M3658; PF2622; YSC0001299; F1329; V2308; F-F1329,
C-M216,rs2032666,Y,15437564,13325684,C,T,CF-P143,M216,***
F-M89,rs2032652,Y,21917313,19755427,C,T,CF-P143,F; M89; PF2746,***
CF-P143,rs4141886,Y,14197867,12077161,G,A,CT-M168,CF; P143; PF2587,"Defining mutation for haplogroup CF; common ancestor of haplogroup C and haplogroup F. hg38 Ref does not match ancestral allele value. Example is ancient sample I8142 from Granada; Spain 2,100 bce."
DE-M145,rs3848982,Y,21717208,19555322,C,T,CT-M168,M145; P205; PF1444; DE-M145,***
CT-M168,rs2032595,Y,14813991,12702062,C,T,BT-L413,CF; PF1416; M168; CT; CF,Defining mutation for haplogroup branch CT. hg38 Ref does not match ancestral allele value.
B-M181,rs2032599,Y,14851554,12739620,T,C,BT-L413,M181; Page32; PAGES00032,***
BT-L413,rs192939307,Y,6932831,7064790,G,A,A-P108,PF1409; V31; BT; L413,Defining mutation for haplogroup branch BT at ISOGG. hg38 Ref does not match ancestral allele value.
A-L419,rs111762602,Y,15204887,13092973,G,A,A-P108,L419; PF712,***
A-P108,rs761539052,Y,15426248,13314368,C,T,A-P305,A1b; P108,Defining mutation for ancient haplogroup branch A1b at ISOGG. hg38 Ref does not match ancestral allele value. Also enumerated as hg38:13314368-C-T.
A-Y32411,rs772849256,Y,17064741,14952861,G,A,A-Z10338,Y32411,***
A-BY813,rs560597127,Y,8505455,8637414,G,A,A-Z10338,BY813; V2159; Z38530,***
A-Z10338,rs777107595,Y,8804264,8936223,T,C,A-M31,Z10338,
A-M31,rs369315948,Y,21739754,19577868,G,C,A-L1085,A1a,
A-P305,rs72625368,Y,2710154,2842113,A,G,A-L1085,hg38:2842113-A-G A1rs72625368,Defining mutation for ISOGG haplogroup A1 branch. hg38 Ref does not match ancestral allele value.
A-CTS2809.1,,Y,14497059,12385264,C,A,A-L1085,A0; L991.1,
A-L1085,,Y,2790726,2922685,T,C,YAdam,A0-T hg38:2922685-T-C,***
A-FGC28278,,Y,18895378,16783498,C,del,A-L1088,FGC28278,***
A-A4987,,Y,23054909,20893023,G,A,A-L1088,A00b; YP3666,
A-L1088,,Y,2887279,3019238,C,G,A-AF6,A00; L1088.1 L1088,
A-AF6,rs1331306868,Y,6877771,7009730,A,G,YAdam,A00; L1284; AF6,
YAdam,,Y,2712462,2844421,A,G,Heidelbergensis,hg38:2844421-A-G,
A-A21616,rs1010627695,Y,14893204,12781270,A,G,A-A21565,A21616,
A-A21565,,Y,2847443,2979402,T,C,Neanderthal,,
A-A10765,,Y,2722524,2854483,A,G,A-A10801,,
A-A10801,,Y,14089676,11968970,C,T,Neanderthal,A000b1,
Neanderthal,,Y,14832610,12720677,A,G,Heidelbergensis,A000a,
Heidelbergensis,,Y,7628234,7760193,A,G,HomoErectus,A8835,
Den10028519,rs74531508,Y,10028519,10190910,C,A,Denisovan,,
Denisovan,,Y,2825900,2957859,C,T,HomoErectus,A8864,
HomoErectus,,Y,23454455,21292569,T,G,,A0000; A000-T; hg38:21292569-T-G,